{"AFL":"https://meet.google.com/rfn-gifo-aqk","COA":"https://meet.google.com/ttu-aamx-ykk","PDC":"https://meet.google.com/daq-uhny-gww","DMT":"https://meet.google.com/cuh-rabd-rtp","DML":"https://meet.google.com/ecc-jjvj-tio","BCM":"https://meet.google.com/yoe-eqpo-dzj?authuser=1","WTT":"https://kiit-ac-in.zoom.us/j/7328821069","OST":"https://meet.google.com/vwi-kaiz-eyk","OSL":"https://meet.google.com/shf-gagu-hmw","WTL":"\nAsit : https://meet.google.com/txd-ygyt-cjf\nSarbeshwar: http://meet.google.com/zik-nnug-djf","NON":"No class right now. Relax🥳🤪"}